Protein,Replicate,Feature,Intensity,Obs_Intensity,MNAR_threshold,MAR,MNAR
EGF,0,0,26.4675422856977,26.4675422856977,0.0005067342887796168,False,False
EGF,0,1,27.522018054639265,27.522018054639265,0.00033241057291257984,False,False
EGF,0,2,25.819446832458233,25.819446832458233,0.0006566000027935096,False,False
EGF,0,3,26.073135057622125,26.073135057622125,0.000593277993486219,False,False
EGF,0,4,28.68192661191803,28.68192661191803,0.00020904109308127257,False,False
EGF,0,5,27.17412207011332,27.17412207011332,0.00038202254851138376,False,False
EGF,0,6,27.458935378115974,27.458935378115974,0.0003409021365351111,False,False
EGF,0,7,26.953086745504915,26.953086745504915,0.00041732214374315575,False,False
EGF,0,8,25.74239382386364,25.74239382386364,0.0006771383846552014,False,False
EGF,0,9,26.39973890363924,26.39973890363924,0.0005206584197716546,False,False
EGF,0,10,27.29549598820375,27.29549598820375,0.00036392513423776025,False,False
EGF,0,11,26.71973179147409,26.71973179147409,0.00045813303133488114,False,False
EGF,0,12,26.700790486861383,26.700790486861383,0.0004616156604094368,False,False
EGF,0,13,27.684559854752894,27.684559854752894,0.00031149244212658,False,False
EGF,0,14,25.972225747291443,,0.0006176996700375748,True,False
EGF,0,15,26.354110629978113,26.354110629978113,0.0005302432810425353,False,False
EGF,1,0,19.648066597695493,19.648066597695493,0.007696780208077686,False,False
EGF,1,1,20.702542366637058,,0.00506150552684042,True,False
EGF,1,2,18.999971144456026,18.999971144456026,0.009951915590287814,False,False
EGF,1,3,19.253659369619918,19.253659369619918,0.009000233762379607,False,False
EGF,1,4,21.862450923915823,,0.003188597667054816,True,False
EGF,1,5,20.354646382111113,20.354646382111113,0.005812826488593962,False,False
EGF,1,6,20.639459690113767,20.639459690113767,0.005190176532928682,False,False
EGF,1,7,20.13361105750271,20.13361105750271,0.006346756362449644,False,False
EGF,1,8,18.922918135861433,18.922918135861433,0.010260225318560192,False,False
EGF,1,9,19.580263215637032,19.580263215637032,0.007906710728675343,False,False
EGF,1,10,20.476020300201544,20.476020300201544,0.005538883129598957,False,False
EGF,1,11,19.900256103471882,19.900256103471882,0.00696338077083324,False,False
EGF,1,12,19.881314798859176,19.881314798859176,0.0070159677892713225,False,False
EGF,1,13,20.865084166750687,20.865084166750687,0.004744404470302357,False,False
EGF,1,14,19.152750059289236,19.152750059289236,0.00936747543294722,False,False
EGF,1,15,19.534634941975906,19.534634941975906,0.008051170990454876,False,False
EGF,2,0,22.540970476388075,22.540970476388075,0.0024325293375988305,False,False
EGF,2,1,23.59544624532964,23.59544624532964,0.0015967634570636365,False,False
EGF,2,2,21.89287502314861,21.89287502314861,0.003150150241181899,False,False
EGF,2,3,22.1465632483125,22.1465632483125,0.0028470372208426555,False,False
EGF,2,4,24.755354802608405,24.755354802608405,0.0010046188683421877,False,False
EGF,2,5,23.247550260803695,23.247550260803695,0.0018347326147609038,False,False
EGF,2,6,23.53236356880635,23.53236356880635,0.0016375005243907097,False,False
EGF,2,7,23.02651493619529,23.02651493619529,0.002003996221207145,False,False
EGF,2,8,21.815822014554016,21.815822014554016,0.0032484330852405323,False,False
EGF,2,9,22.473167094329614,22.473167094329614,0.0024992384724929475,False,False
EGF,2,10,23.368924178894126,23.368924178894126,0.0017479368352940109,False,False
EGF,2,11,22.793159982164465,22.793159982164465,0.0021996301513856195,False,False
EGF,2,12,22.774218677551758,22.774218677551758,0.0022163219139687313,False,False
EGF,2,13,23.75798804544327,23.75798804544327,0.0014964004730339273,False,False
EGF,2,14,22.045653937981818,22.045653937981818,0.0029639574304616725,False,False
EGF,2,15,22.427538820668488,22.427538820668488,0.0025451544907942724,False,False
EGF,3,0,28.85174655186667,28.85174655186667,0.00019531557866325823,False,False
EGF,3,1,29.906222320808233,29.906222320808233,0.00012811054331853978,False,False
EGF,3,2,28.2036510986272,28.2036510986272,0.0002531031171504944,False,False
EGF,3,3,28.457339323791093,28.457339323791093,0.00022868513867135116,False,False
EGF,3,4,31.066130878086998,31.066130878086998,8.055801801122767e-05,False,False
EGF,3,5,29.55832633628229,29.55832633628229,0.00014723541629638726,False,False
EGF,3,6,29.843139644284943,29.843139644284943,0.00013138386529443525,False,False
EGF,3,7,29.337291011673884,29.337291011673884,0.00016084373387880414,False,False
EGF,3,8,28.12659809003261,28.12659809003261,0.0002610234537574093,False,False
EGF,3,9,28.783943169808207,28.783943169808207,0.0002006842115294493,False,False
EGF,3,10,29.67970025437272,29.67970025437272,0.00014025892622165898,False,False
EGF,3,11,29.103936057643057,29.103936057643057,0.00017657744144506318,False,False
EGF,3,12,29.08499475303035,29.08499475303035,0.000177920126275914,False,False
EGF,3,13,30.068764120921863,30.068764120921863,0.00012004718276439529,False,False
EGF,3,14,28.35643001346041,28.35643001346041,0.00023810230206535297,False,False
EGF,3,15,28.73831489614708,28.73831489614708,0.00020437983498324376,False,False
EGF,4,0,26.985070506609215,26.985070506609215,0.00041201932397160807,False,False
EGF,4,1,28.03954627555078,28.03954627555078,0.0002702700761639346,False,False
EGF,4,2,26.33697505336975,26.33697505336975,0.0005338882278020927,False,False
EGF,4,3,26.59066327853364,26.59066327853364,0.0004823947370500248,False,False
EGF,4,4,29.199454832829545,29.199454832829545,0.00016995924128323242,False,False
EGF,4,5,27.691650291024835,27.691650291024835,0.0003106105208429579,False,False
EGF,4,6,27.97646359902749,27.97646359902749,0.00027717467559436684,False,False
EGF,4,7,27.47061496641643,27.47061496641643,0.000339313751522727,False,False
EGF,4,8,26.259922044775156,26.259922044775156,0.0005505903124999493,False,False
EGF,4,9,26.917267124550754,26.917267124550754,0.0004233419633936852,False,False
EGF,4,10,27.813024209115266,27.813024209115266,0.00029589508101272155,False,False
EGF,4,11,27.237260012385605,27.237260012385605,0.00037249886273418506,False,False
EGF,4,12,27.218318707772898,,0.0003753307636621376,True,False
EGF,4,13,28.20208807566441,28.20208807566441,0.00025326136893251227,False,False
EGF,4,14,26.489753968202958,26.489753968202958,0.0005022543125899034,False,False
EGF,4,15,26.871638850889628,26.871638850889628,0.00043113608751267873,False,False
EGF,5,0,12.760891156477324,12.760891156477324,0.10867411661555648,False,False
EGF,5,1,13.815366925418889,13.815366925418889,0.07404540113839735,False,False
EGF,5,2,12.112795703237857,12.112795703237857,0.13644708621368087,False,False
EGF,5,3,12.366483928401749,12.366483928401749,0.12492526984035374,False,False
EGF,5,4,14.975275482697654,14.975275482697654,0.04787466670347464,False,False
EGF,5,5,13.467470940892944,13.467470940892944,0.08417029433954304,False,False
EGF,5,6,13.752284248895597,13.752284248895597,0.07579415110451058,False,False
EGF,5,7,13.24643561628454,13.24643561628454,0.09124111015717486,False,False
EGF,5,8,12.035742694643265,12.035742694643265,0.14011958654441098,False,False
EGF,5,9,12.693087774418863,12.693087774418863,0.11132921737141199,False,False
EGF,5,10,13.588844858983375,13.588844858983375,0.08050258451340891,False,False
EGF,5,11,13.013080662253714,,0.09928161300532798,False,True
EGF,5,12,12.994139357641007,12.994139357641007,0.09996120177717,False,False
EGF,5,13,13.977908725532519,13.977908725532519,0.06970929285933299,False,False
EGF,5,14,12.265574618071067,12.265574618071067,0.12940500197277702,False,False
EGF,5,15,12.647459500757737,,0.11314776090162952,True,False
EGF,6,0,22.397722643487324,22.397722643487324,0.002575612285702904,False,False
EGF,6,1,23.45219841242889,23.45219841242889,0.0016907694372047487,False,False
EGF,6,2,21.749627190247857,21.749627190247857,0.0033353029852009955,False,False
EGF,6,3,22.00331541541175,,0.003014428114726113,True,False
EGF,6,4,24.612106969707654,24.612106969707654,0.0010638007667539064,False,False
EGF,6,5,23.104302427902944,23.104302427902944,0.0019427212512659743,False,False
EGF,6,6,23.389115735905598,23.389115735905598,0.0017339006458085228,False,False
EGF,6,7,22.88326710329454,22.88326710329454,0.0021219261913460285,False,False
EGF,6,8,21.672574181653264,21.672574181653264,0.003439342555833925,False,False
EGF,6,9,22.329919261428863,22.329919261428863,0.0026462348862212855,False,False
EGF,6,10,23.225676345993374,23.225676345993374,0.0018508263210020213,False,False
EGF,6,11,22.649912149263713,22.649912149263713,0.0023290458028573137,False,False
EGF,6,12,22.630970844651007,22.630970844651007,0.0023467173187100778,False,False
EGF,6,13,23.614740212542518,23.614740212542518,0.0015845071777686034,False,False
EGF,6,14,21.902406105081067,21.902406105081067,0.0031382009864663394,False,False
EGF,6,15,22.284290987767736,22.284290987767736,0.0026948442271889934,False,False
EGF,7,0,16.89049451437089,16.89049451437089,0.022838643413384326,False,False
EGF,7,1,17.944970283312454,17.944970283312454,0.015097877260034904,False,False
EGF,7,2,16.242399061131422,16.242399061131422,0.029398862538618738,False,False
EGF,7,3,16.496087286295314,16.496087286295314,0.026637543039274594,False,False
EGF,7,4,19.10487884059122,19.10487884059122,0.009546847846832972,False,False
EGF,7,5,17.59707429878651,17.59707429878651,0.017313055676152732,False,False
EGF,7,6,17.881887606789164,17.881887606789164,0.015477718710735586,False,False
EGF,7,7,17.376038974178105,17.376038974178105,0.018883260899103815,False,False
EGF,7,8,16.16534605253683,16.16534605253683,0.030291204639170583,False,False
EGF,7,9,16.82269113231243,16.82269113231243,0.02345180927808372,False,False
EGF,7,10,17.71844821687694,17.71844821687694,0.016506134726494977,False,False
EGF,7,11,17.14268402014728,17.14268402014728,0.02069251551016866,False,False
EGF,7,12,17.123742715534572,17.123742715534572,0.020846607534880966,False,False
EGF,7,13,18.107512083426084,18.107512083426084,0.014160951343036328,False,False
EGF,7,14,16.395177975964632,,0.027704330980373983,True,False
EGF,7,15,16.777062858651302,16.777062858651302,0.023873453114260212,False,False
EGF,8,0,17.13118629689159,17.13118629689159,0.02078591872927847,False,False
EGF,8,1,18.185662065833153,18.185662065833153,0.013731111863791962,False,False
EGF,8,2,16.48309084365212,16.48309084365212,0.02677266386634677,False,False
EGF,8,3,16.736779068816013,16.736779068816013,0.02425184951303929,False,False
EGF,8,4,19.345570623111918,19.345570623111918,0.008678172651297713,False,False
EGF,8,5,17.83776608130721,17.83776608130721,0.015748963450462488,False,False
EGF,8,6,18.122579389309863,18.122579389309863,0.01407705888355031,False,False
EGF,8,7,17.616730756698804,17.616730756698804,0.01717979352021158,False,False
EGF,8,8,16.40603783505753,16.40603783505753,0.027587558791409072,False,False
EGF,8,9,17.063382914833127,,0.021345177432516474,True,False
EGF,8,10,17.95913999939764,17.95913999939764,0.015013827402918494,False,False
EGF,8,11,17.383375802667977,17.383375802667977,0.018828966759285293,False,False
EGF,8,12,17.36443449805527,17.36443449805527,0.018969450207887463,False,False
EGF,8,13,18.348203865946783,18.348203865946783,0.012877894021587222,False,False
EGF,8,14,16.63586975848533,16.63586975848533,0.025225570599397954,False,False
EGF,8,15,17.017754641172,17.017754641172,0.021729788588202542,False,False
EGF,9,0,19.70027306555124,19.70027306555124,0.0075389172748743655,False,False
EGF,9,1,20.754748834492805,20.754748834492805,0.004957422724410406,False,False
EGF,9,2,19.052177612311773,19.052177612311773,0.009748253640092845,False,False
EGF,9,3,19.305865837475665,19.305865837475665,0.00881587417609664,False,False
EGF,9,4,21.91465739177157,21.91465739177157,0.003122907716102083,False,False
EGF,9,5,20.40685284996686,20.40685284996686,0.0056933822278586775,False,False
EGF,9,6,20.691666157969514,20.691666157969514,0.005083461309660745,False,False
EGF,9,7,20.185817525358456,,0.006216409300711818,True,False
EGF,9,8,18.97512460371718,18.97512460371718,0.010050317983005583,False,False
EGF,9,9,19.63246968349278,19.63246968349278,0.007744575671421588,False,False
EGF,9,10,20.52822676805729,20.52822676805729,0.005425037248884591,False,False
EGF,9,11,19.95246257132763,19.95246257132763,0.006820456657393131,False,False
EGF,9,12,19.933521266714923,19.933521266714923,0.006871971791118756,False,False
EGF,9,13,20.917290634606434,20.917290634606434,0.004646811954069419,False,False
EGF,9,14,19.204956527144983,19.204956527144983,0.009175662968404266,False,False
EGF,9,15,19.586841409831653,19.586841409831653,0.007886097177403453,False,False
IGF,0,0,16.435292659587454,16.435292659587454,0.027275366546330327,False,False
IGF,0,1,15.26211411269419,15.26211411269419,0.042907818762709736,False,False
IGF,0,2,15.913347159628511,15.913347159628511,0.03339644875108578,False,False
IGF,0,3,17.00007749860945,,0.02188060748095988,True,False
IGF,0,4,17.08370890079708,17.08370890079708,0.02117599639017806,False,False
IGF,0,5,17.017518851202706,17.017518851202706,0.02173179361064509,False,False
IGF,0,6,17.333021135232922,17.333021135232922,0.01920470524253378,False,False
IGF,0,7,17.328630935811145,17.328630935811145,0.0192378105010538,False,False
IGF,0,8,16.445891597540285,16.445891597540285,0.02716310974045355,False,False
IGF,0,9,18.30640423920864,18.30640423920864,0.013092177930947834,False,False
IGF,0,10,16.190465335995974,16.190465335995974,0.029997455467792523,False,False
IGF,0,11,16.463677556866898,16.463677556866898,0.02697574127955668,False,False
IGF,1,0,22.98644233859794,22.98644233859794,0.002036311241682445,False,False
IGF,1,1,21.813263791704674,,0.0032517480582453344,True,False
IGF,1,2,22.464496838638997,22.464496838638997,0.002507899359362923,False,False
IGF,1,3,23.551227177619936,23.551227177619936,0.001625211359139385,False,False
IGF,1,4,23.634858579807567,23.634858579807567,0.0015718272297265807,False,False
IGF,1,5,23.56866853021319,23.56866853021319,0.001613930700458794,False,False
IGF,1,6,23.884170814243408,23.884170814243408,0.0014228516874077819,False,False
IGF,1,7,23.87978061482163,23.87978061482163,0.0014253489590968628,False,False
IGF,1,8,22.99704127655077,22.99704127655077,0.0020277138899638617,False,False
IGF,1,9,24.857553918219125,24.857553918219125,0.0009644173224167213,False,False
IGF,1,10,22.74161501500646,22.74161501500646,0.0022453499716696755,False,False
IGF,1,11,23.014827235877384,23.014827235877384,0.002013368091238539,False,False
IGF,2,0,19.52026342951803,19.52026342951803,0.008097211436259001,False,False
IGF,2,1,18.347084882624767,18.347084882624767,0.012883585092837673,False,False
IGF,2,2,18.99831792955909,,0.009958433270050927,True,False
IGF,2,3,20.085048268540028,,0.006470442540234843,False,True
IGF,2,4,20.16867967072766,20.16867967072766,0.006258902430922784,False,False
IGF,2,5,20.102489621133284,20.102489621133284,0.0064257473890269754,False,False
IGF,2,6,20.4179919051635,20.4179919051635,0.005668214567501084,False,False
IGF,2,7,20.413601705741723,20.413601705741723,0.005678120580670439,False,False
IGF,2,8,19.530862367470863,19.530862367470863,0.008063231581142223,False,False
IGF,2,9,21.391375009139217,21.391375009139217,0.0038472193338713444,False,False
IGF,2,10,19.275436105926552,19.275436105926552,0.008922872437945553,False,False
IGF,2,11,19.548648326797476,19.548648326797476,0.008006527896480278,False,False
IGF,3,0,16.323449886247207,16.323449886247207,0.02848774317211463,False,False
IGF,3,1,15.150271339353944,,0.04478305992863477,False,True
IGF,3,2,15.801504386288265,15.801504386288265,0.03487115072169761,False,False
IGF,3,3,16.888234725269204,16.888234725269204,0.022858824837844384,False,False
IGF,3,4,16.971866127456835,16.971866127456835,0.022123425167383807,False,False
IGF,3,5,16.90567607786246,16.90567607786246,0.0227035123648249,False,False
IGF,3,6,17.221178361892676,17.221178361892676,0.02006574510938894,False,False
IGF,3,7,17.2167881624709,17.2167881624709,0.020100304218409297,False,False
IGF,3,8,16.33404882420004,16.33404882420004,0.028370642138569466,False,False
IGF,3,9,18.194561465868397,18.194561465868397,0.013682986925318084,False,False
IGF,3,10,16.078622562655728,16.078622562655728,0.03132693090502654,False,False
IGF,3,11,16.351834783526648,16.351834783526648,0.028175185474126233,False,False
IGF,4,0,17.934390967510193,17.934390967510193,0.015160932032570115,False,False
IGF,4,1,16.76121242061693,16.76121242061693,0.02402164832358392,False,False
IGF,4,2,17.41244546755125,17.41244546755125,0.018615346097827487,False,False
IGF,4,3,18.49917580653219,18.49917580653219,0.012132385595218523,False,False
IGF,4,4,18.58280720871982,,0.011737924821019497,False,True
IGF,4,5,18.516617159125445,18.516617159125445,0.012049054386122452,False,False
IGF,4,6,18.832119443155662,18.832119443155662,0.01063568496866717,False,False
IGF,4,7,18.827729243733884,18.827729243733884,0.010654179324604425,False,False
IGF,4,8,17.944989905463025,17.944989905463025,0.015097760548466232,False,False
IGF,4,9,19.805502547131383,19.805502547131383,0.00723042321714485,False,False
IGF,4,10,17.689563643918714,17.689563643918714,0.01669474744941105,False,False
IGF,4,11,17.962775864789634,,0.014992335095319172,True,False
IGF,5,0,17.3834464406544,17.3834464406544,0.018828444767576617,False,False
IGF,5,1,16.210267893761134,16.210267893761134,0.029767828719705215,False,False
IGF,5,2,16.861500940695457,16.861500940695457,0.023098901016447328,False,False
IGF,5,3,17.948231279676396,17.948231279676396,0.01507849320646445,False,False
IGF,5,4,18.031862681864027,18.031862681864027,0.014589660170787689,False,False
IGF,5,5,17.96567263226965,17.96567263226965,0.014975233427256764,False,False
IGF,5,6,18.281174916299868,18.281174916299868,0.013223213634243407,False,False
IGF,5,7,18.27678471687809,18.27678471687809,0.013246147193848668,False,False
IGF,5,8,17.39404537860723,17.39404537860723,0.01875028269844865,False,False
IGF,5,9,19.25455802027559,19.25455802027559,0.008997028219581161,False,False
IGF,5,10,17.13861911706292,17.13861911706292,0.02072549022491098,False,False
IGF,5,11,17.41183133793384,17.41183133793384,0.018619834396703384,False,False
IGF,6,0,23.185470169571094,,0.0018807763879105364,True,False
IGF,6,1,22.01229162267783,22.01229162267783,0.0030036567202685,False,False
IGF,6,2,22.66352466961215,,0.0023164278891817107,True,False
IGF,6,3,23.75025500859309,23.75025500859309,0.001501029368630823,False,False
IGF,6,4,23.83388641078072,23.83388641078072,0.001451718375799857,False,False
IGF,6,5,23.767696361186346,23.767696361186346,0.0014906093753123658,False,False
IGF,6,6,24.083198645216562,24.083198645216562,0.0013141115962346137,False,False
IGF,6,7,24.078808445794785,24.078808445794785,0.0013164182679011225,False,False
IGF,6,8,23.196069107523925,23.196069107523925,0.0018728344754851054,False,False
IGF,6,9,25.056581749192283,,0.000890681393083093,True,False
IGF,6,10,22.940642845979614,22.940642845979614,0.002073881776111665,False,False
IGF,6,11,23.213855066850535,23.213855066850535,0.001859582385677237,False,False
IGF,7,0,14.68928348495406,14.68928348495406,0.05336727821273768,False,False
IGF,7,1,13.516104938060797,13.516104938060797,0.08268278089059933,False,False
IGF,7,2,14.167337984995118,14.167337984995118,0.0649528584884941,False,False
IGF,7,3,15.254068323976055,15.254068323976055,0.04304017907777613,False,False
IGF,7,4,15.337699726163688,15.337699726163688,0.04168321405471053,False,False
IGF,7,5,15.27150967656931,15.27150967656931,0.0427537455561132,False,False
IGF,7,6,15.587011960599531,15.587011960599531,0.0378767612729993,False,False
IGF,7,7,15.582621761177752,15.582621761177752,0.03794080848848754,False,False
IGF,7,8,14.699882422906892,14.699882422906892,0.0531535033260994,False,False
IGF,7,9,16.560395064575246,16.560395064575246,0.0259786538119164,False,False
IGF,7,10,14.444456161362583,14.444456161362583,0.05853664458559402,False,False
IGF,7,11,14.717668382233503,14.717668382233503,0.05279658530019552,False,False
IGF,8,0,17.28041331203757,17.28041331203757,0.01960510746526228,False,False
IGF,8,1,16.107234765144305,16.107234765144305,0.03098148635057298,False,False
IGF,8,2,16.758467812078628,16.758467812078628,0.0240474002870031,False,False
IGF,8,3,17.845198151059567,17.845198151059567,0.015702948119892292,False,False
IGF,8,4,17.928829553247198,17.928829553247198,0.015194183046394357,False,False
IGF,8,5,17.862639503652822,17.862639503652822,0.015595479692842475,False,False
IGF,8,6,18.17814178768304,18.17814178768304,0.01377190906175371,False,False
IGF,8,7,18.17375158826126,18.17375158826126,0.013795780941919744,False,False
IGF,8,8,17.291012249990402,17.291012249990402,0.01952378541037561,False,False
IGF,8,9,19.15152489165876,19.15152489165876,0.009372024214464163,False,False
IGF,8,10,17.03558598844609,,0.021578683995105347,True,False
IGF,8,11,17.30879820931701,17.30879820931701,0.019388062071541607,False,False
IGF,9,0,11.44459610727444,11.44459610727444,0.17110182909222907,False,False
IGF,9,1,10.271417560381177,10.271417560381177,0.24813813606279758,False,False
IGF,9,2,10.9226506073155,10.9226506073155,0.2027717207567525,False,False
IGF,9,3,12.009380946296435,12.009380946296435,0.14139490391363704,False,False
IGF,9,4,12.09301234848407,,0.13738219493525325,False,True
IGF,9,5,12.026822298889691,12.026822298889691,0.14055005228832812,False,False
IGF,9,6,12.342324582919911,12.342324582919911,0.12598553433050028,False,False
IGF,9,7,12.337934383498132,12.337934383498132,0.12617902889459282,False,False
IGF,9,8,11.455195045227272,11.455195045227272,0.1705013852828516,False,False
IGF,9,9,13.315707686895628,13.315707686895628,0.08896947465159517,False,False
IGF,9,10,11.199768783682963,11.199768783682963,0.18544138924282583,False,False
IGF,9,11,11.472981004553883,,0.1694975506783324,False,True
SOS,0,0,20.386852269713014,20.386852269713014,0.005738850849017482,False,False
SOS,0,1,17.972205484800753,17.972205484800753,0.0149367358625787,False,False
SOS,0,2,21.24922839053024,,0.004071389017139901,True,False
SOS,0,3,20.428263133747993,20.428263133747993,0.005645105722412599,False,False
SOS,0,4,21.566685961823016,21.566685961823016,0.0035876121116350385,False,False
SOS,0,5,18.169091154183523,18.169091154183523,0.01382116687846454,False,False
SOS,0,6,21.043802165024406,,0.004418525736620261,True,False
SOS,0,7,18.221269674257048,18.221269674257048,0.013539554429626446,False,False
SOS,1,0,23.432465075592418,,0.0017041452234660614,True,False
SOS,1,1,21.017818290680157,21.017818290680157,0.004464483293314043,False,False
SOS,1,2,24.294841196409646,24.294841196409646,0.0012075705124037846,False,False
SOS,1,3,23.473875939627398,23.473875939627398,0.0016761966031104945,False,False
SOS,1,4,24.61229876770242,24.61229876770242,0.0010637192427539368,False,False
SOS,1,5,21.214703960062927,21.214703960062927,0.004127770298542575,False,False
SOS,1,6,24.08941497090381,24.08941497090381,0.0013108523550588562,False,False
SOS,1,7,21.266882480136452,21.266882480136452,0.004042855450717477,False,False
SOS,2,0,23.299317660779167,23.299317660779167,0.0017971991022171004,False,False
SOS,2,1,20.884670875866906,20.884670875866906,0.00470755309414868,False,False
SOS,2,2,24.161693781596394,24.161693781596394,0.0012735438033674759,False,False
SOS,2,3,23.340728524814146,23.340728524814146,0.0017677270657408528,False,False
SOS,2,4,24.47915135288917,24.47915135288917,0.0011218423237036876,False,False
SOS,2,5,21.081556545249676,21.081556545249676,0.004352587835639074,False,False
SOS,2,6,23.95626755609056,23.95626755609056,0.0013824604406200273,False,False
SOS,2,7,21.1337350653232,21.1337350653232,0.004263067928712874,False,False
SOS,3,0,23.56109396083788,23.56109396083788,0.0016188201198704386,False,False
SOS,3,1,21.14644717592562,21.14644717592562,0.004241537621790703,False,False
SOS,3,2,24.423470081655108,24.423470081655108,0.0011470799141120936,False,False
SOS,3,3,23.60250482487286,23.60250482487286,0.0015922686312260595,False,False
SOS,3,4,24.74092765294788,,0.001010427268693946,True,False
SOS,3,5,21.34333284530839,21.34333284530839,0.00392157303713243,False,False
SOS,3,6,24.218043856149272,24.218043856149272,0.0012451945292370286,False,False
SOS,3,7,21.395511365381914,21.395511365381914,0.003840883637486835,False,False
SOS,4,0,26.41957262683525,26.41957262683525,0.0005165462489462225,False,False
SOS,4,1,24.00492584192299,24.00492584192299,0.0013558494696151245,False,False
SOS,4,2,27.28194874765248,27.28194874765248,0.00036590183612139203,False,False
SOS,4,3,26.46098349087023,26.46098349087023,0.0005080647843640709,False,False
SOS,4,4,27.599406318945253,27.599406318945253,0.00032228159978046585,False,False
SOS,4,5,24.20181151130576,24.20181151130576,0.0012532956387165664,False,False
SOS,4,6,27.076522522146643,27.076522522146643,0.00039722554573607744,False,False
SOS,4,7,24.253990031379285,24.253990031379285,0.0012274404570944255,False,False
SOS,5,0,13.830378002056268,13.830378002056268,0.07363477274554935,False,False
SOS,5,1,11.415731217144007,11.415731217144007,0.1727455695280146,False,False
SOS,5,2,14.692754122873497,14.692754122873497,0.053297188125771514,False,False
SOS,5,3,13.871788866091247,13.871788866091247,0.07251282349942799,False,False
SOS,5,4,15.01021169416627,15.01021169416627,0.04724168184029743,False,False
SOS,5,5,11.612616886526776,11.612616886526776,0.16177951909116947,False,False
SOS,5,6,14.48732789736766,14.48732789736766,0.057598701921730014,False,False
SOS,5,7,11.664795406600302,11.664795406600302,0.15896915280005858,False,False
SOS,6,0,24.593815323512498,,0.0010716044063253608,True,False
SOS,6,1,22.179168538600237,22.179168538600237,0.002810250588539275,False,False
SOS,6,2,25.456191444329725,25.456191444329725,0.0007592070132030279,False,False
SOS,6,3,24.635226187547477,24.635226187547477,0.0010540187394814458,False,False
SOS,6,4,25.7736490156225,25.7736490156225,0.0006687310737941108,False,False
SOS,6,5,22.376054207983007,22.376054207983007,0.002597974856912874,False,False
SOS,6,6,25.25076521882389,25.25076521882389,0.0008241725868437138,False,False
SOS,6,7,22.428232728056532,22.428232728056532,0.002544449945477438,False,False
SOS,7,0,15.958824067945136,15.958824067945136,0.032814188635659214,False,False
SOS,7,1,13.544177283032875,13.544177283032875,0.08183508827675344,False,False
SOS,7,2,16.821200188762365,16.821200188762365,0.023465471289928135,False,False
SOS,7,3,16.000234931980117,16.000234931980117,0.032292527945883144,False,False
SOS,7,4,17.138657760055136,17.138657760055136,0.02072517650882835,False,False
SOS,7,5,13.741062952415646,13.741062952415646,0.07610916841038466,False,False
SOS,7,6,16.615773963256526,16.615773963256526,0.025423982891600073,False,False
SOS,7,7,13.79324147248917,13.79324147248917,0.07465448541076332,False,False
SOS,8,0,19.37788009809195,19.37788009809195,0.008567694117548116,False,False
SOS,8,1,16.96323331317969,16.96323331317969,0.022198253422106316,False,False
SOS,8,2,20.240256218909177,20.240256218909177,0.006083321771961656,False,False
SOS,8,3,19.41929096212693,19.41929096212693,0.00842813105313352,False,False
SOS,8,4,20.55771379020195,20.55771379020195,0.005361766920568132,False,False
SOS,8,5,17.16011898256246,17.16011898256246,0.020551663734096656,False,False
SOS,8,6,20.034829993403342,20.034829993403342,0.006600863908301552,False,False
SOS,8,7,17.212297502635984,17.212297502635984,0.020135714454420132,False,False
SOS,9,0,17.35442139197169,17.35442139197169,0.019044129989713877,False,False
SOS,9,1,14.93977460705943,14.93977460705943,0.048526128424803146,False,False
SOS,9,2,18.21679751278892,18.21679751278892,0.013563467728509412,False,False
SOS,9,3,17.39583225600667,17.39583225600667,0.018737136725534,False,False
SOS,9,4,18.534255084081693,18.534255084081693,0.011965359001801195,False,False
SOS,9,5,15.1366602764422,15.1366602764422,0.04501653710196599,False,False
SOS,9,6,18.011371287283083,18.011371287283083,0.014707970518002211,False,False
SOS,9,7,15.188838796515725,15.188838796515725,0.04412774660662641,False,False
Ras,0,0,20.45552119614851,20.45552119614851,0.005584232036286417,False,False
Ras,0,1,19.50264831570684,19.50264831570684,0.00815399937417469,False,False
Ras,0,2,18.854978550152467,18.854978550152467,0.01053989963885859,False,False
Ras,0,3,17.502913343069018,17.502913343069018,0.01796563851049049,False,False
Ras,0,4,20.01596045382672,20.01596045382672,0.0066505419137803225,False,False
Ras,0,5,19.040416091960743,19.040416091960743,0.009793773186158792,False,False
Ras,0,6,20.11446775912986,20.11446775912986,0.0063952300524753435,False,False
Ras,0,7,20.691774664962985,20.691774664962985,0.005083241799531583,False,False
Ras,0,8,21.12833138126001,21.12833138126001,0.0042722529939524575,False,False
Ras,0,9,20.64945873081891,20.64945873081891,0.005169566375748711,False,False
Ras,0,10,17.273101697988473,17.273101697988473,0.01966140039002385,False,False
Ras,0,11,18.666157619161922,18.666157619161922,0.01135740370157754,False,False
Ras,0,12,20.1462076109447,20.1462076109447,0.006315059330564487,False,False
Ras,0,13,17.91276407029423,17.91276407029423,0.015290640407074951,False,False
Ras,0,14,19.310391786064983,19.310391786064983,0.008800068859686361,False,False
Ras,0,15,17.44359731460548,17.44359731460548,0.01838906342945735,False,False
Ras,0,16,18.026231460834065,18.026231460834065,0.0146220791832952,False,False
Ras,1,0,23.72434909593317,23.72434909593317,0.0015166407384280779,False,False
Ras,1,1,22.7714762154915,22.7714762154915,0.002218749122154034,False,False
Ras,1,2,22.123806449937128,22.123806449937128,0.0028729965165394727,False,False
Ras,1,3,20.77174124285368,20.77174124285368,0.004924006912026921,False,False
Ras,1,4,23.284788353611383,23.284788353611383,0.0018076553998161479,False,False
Ras,1,5,22.309243991745404,22.309243991745404,0.0026681516446919024,False,False
Ras,1,6,23.38329565891452,23.38329565891452,0.0017379348987173746,False,False
Ras,1,7,23.960602564747646,23.960602564747646,0.0013800686320186262,False,False
Ras,1,8,24.397159281044672,24.397159281044672,0.001159201831901331,False,False
Ras,1,9,23.91828663060357,23.91828663060357,0.0014035939394278513,False,False
Ras,1,10,20.541929597773134,20.541929597773134,0.005395543246671343,False,False
Ras,1,11,21.934985518946583,21.934985518946583,0.0030976958710920133,False,False
Ras,1,12,23.41503551072936,23.41503551072936,0.0017160472803098052,False,False
Ras,1,13,21.18159197007889,21.18159197007889,0.0041825752454902965,False,False
Ras,1,14,22.579219685849644,22.579219685849644,0.002395684146556137,False,False
Ras,1,15,20.71242521439014,20.71242521439014,0.005041636866377164,False,False
Ras,1,16,21.295059360618726,21.295059360618726,0.003997726386247265,False,False
Ras,2,0,22.325253413887634,22.325253413887634,0.0026511651634908303,False,False
Ras,2,1,21.372380533445963,,0.0038764472828607807,True,False
Ras,2,2,20.724710767891587,,0.00501704591968494,True,False
Ras,2,3,19.37264556080814,19.37264556080814,0.008585497899003527,False,False
Ras,2,4,21.885692671565845,21.885692671565845,0.003159184816257521,False,False
Ras,2,5,20.910148309699863,20.910148309699863,0.004660044598776768,False,False
Ras,2,6,21.984199976868982,21.984199976868982,0.0030374950245556417,False,False
Ras,2,7,22.561506882702105,22.561506882702105,0.0024126770343961094,False,False
Ras,2,8,22.99806359899913,22.99806359899913,0.0020268865488418746,False,False
Ras,2,9,22.519190948558034,22.519190948558034,0.0024537614249788625,False,False
Ras,2,10,19.142833915727596,19.142833915727596,0.00940435479196634,False,False
Ras,2,11,20.535889836901045,20.535889836901045,0.0054085235355863385,False,False
Ras,2,12,22.015939828683823,22.015939828683823,0.002999289870319898,False,False
Ras,2,13,19.78249628803335,19.78249628803335,0.007296780558501391,False,False
Ras,2,14,21.180124003804107,,0.0041850216372137025,True,False
Ras,2,15,19.313329532344603,19.313329532344603,0.00878982482703763,False,False
Ras,2,16,19.89596367857319,19.89596367857319,0.006975263488987481,False,False
Ras,3,0,21.494018993352533,21.494018993352533,0.0036930320466835183,False,False
Ras,3,1,20.541146112910862,20.541146112910862,0.005397225314482163,False,False
Ras,3,2,19.89347634735649,19.89347634735649,0.006982158379047732,False,False
Ras,3,3,18.54141114027304,18.54141114027304,0.01193156613215933,False,False
Ras,3,4,21.054458251030745,21.054458251030745,0.004399814830533203,False,False
Ras,3,5,20.078913889164767,20.078913889164767,0.006486235787315981,False,False
Ras,3,6,21.152965556333882,21.152965556333882,0.004230539569932898,False,False
Ras,3,7,21.730272462167008,21.730272462167008,0.003361137623790049,False,False
Ras,3,8,22.166829178464035,22.166829178464035,0.00282411628438042,False,False
Ras,3,9,21.687956528022934,21.687956528022934,0.003418317580119303,False,False
Ras,3,10,18.311599495192496,18.311599495192496,0.013065354392946623,False,False
Ras,3,11,19.704655416365945,19.704655416365945,0.007525812947343325,False,False
Ras,3,12,21.184705408148723,,0.004177391358015034,True,False
Ras,3,13,18.951261867498253,,0.010145730561954062,True,False
Ras,3,14,20.348889583269006,20.348889583269006,0.005826149146191224,False,False
Ras,3,15,18.482095111809503,18.482095111809503,0.01221454528837917,False,False
Ras,3,16,19.06472925803809,19.06472925803809,0.009699907195847696,False,False
Ras,4,0,25.985381978247677,25.985381978247677,0.0006144595606191909,False,False
Ras,4,1,25.032509097806006,25.032509097806006,0.0008992914925037071,False,False
Ras,4,2,24.38483933225163,24.38483933225163,0.0011649217824667981,False,False
Ras,4,3,23.032774125168185,23.032774125168185,0.0019989951575913652,False,False
Ras,4,4,25.54582123592589,25.54582123592589,0.0007324897191283884,False,False
Ras,4,5,24.570276874059907,24.570276874059907,0.0010817306510097098,False,False
Ras,4,6,25.644328541229026,25.644328541229026,0.0007042086462446844,False,False
Ras,4,7,26.221635447062148,26.221635447062148,0.0005590825519968092,False,False
Ras,4,8,26.658192163359175,26.658192163359175,0.00046954495149491,False,False
Ras,4,9,26.179319512918077,26.179319512918077,0.0005686209083440868,False,False
Ras,4,10,22.80296248008764,22.80296248008764,0.0021910411503042637,False,False
Ras,4,11,24.19601840126109,24.19601840126109,0.0012561995455244882,False,False
Ras,4,12,25.676068393043867,25.676068393043867,0.0006953307475687029,False,False
Ras,4,13,23.442624852393394,23.442624852393394,0.0016972455130864323,False,False
Ras,4,14,24.84025256816415,24.84025256816415,0.0009711082553676725,False,False
Ras,4,15,22.973458096704647,22.973458096704647,0.0020468930323886752,False,False
Ras,4,16,23.556092242933232,23.556092242933232,0.0016220568558290985,False,False
Ras,5,0,13.900448471898827,13.900448471898827,0.07174559438385951,False,False
Ras,5,1,12.947575591457156,12.947575591457156,0.10164944942401191,False,False
Ras,5,2,12.299905825902782,12.299905825902782,0.12786576703188832,False,False
Ras,5,3,10.947840618819335,10.947840618819335,0.20114775800861795,False,False
Ras,5,4,13.460887729577038,13.460887729577038,0.0843735052024525,False,False
Ras,5,5,12.485343367711058,,0.11981983845899909,False,True
Ras,5,6,13.559395034880176,13.559395034880176,0.08137887770501968,False,False
Ras,5,7,14.1367019407133,14.1367019407133,0.06570109779263274,False,False
Ras,5,8,14.573258657010326,14.573258657010326,0.05576106049521518,False,False
Ras,5,9,14.094386006569227,14.094386006569227,0.06674778346643358,False,False
Ras,5,10,10.718028973738791,10.718028973738791,0.2163251521688094,False,False
Ras,5,11,12.111084894912238,12.111084894912238,0.13652773960062942,False,False
Ras,5,12,13.591134886695015,13.591134886695015,0.08043480566537667,False,False
Ras,5,13,11.357691346044545,11.357691346044545,0.1760884816103328,False,False
Ras,5,14,12.7553190618153,12.7553190618153,0.10889019926285952,False,False
Ras,5,15,10.888524590355797,,0.2049873370306762,False,True
Ras,5,16,11.471158736584384,11.471158736584384,0.16960018230081556,False,False
Ras,6,0,25.737827504978796,25.737827504978796,0.0006783754870065468,False,False
Ras,6,1,24.784954624537125,24.784954624537125,0.0009928061305291994,False,False
Ras,6,2,24.137284858982753,24.137284858982753,0.0012860229668399652,False,False
Ras,6,3,22.785219651899304,22.785219651899304,0.0022066121332202917,False,False
Ras,6,4,25.298266762657008,25.298266762657008,0.0008086731778627304,False,False
Ras,6,5,24.32272240079103,24.32272240079103,0.001194193916761249,False,False
Ras,6,6,25.396774067960145,25.396774067960145,0.000777452987058843,False,False
Ras,6,7,25.97408097379327,25.97408097379327,0.0006172417337913672,False,False
Ras,6,8,26.410637690090297,26.410637690090297,0.0005183947163700857,False,False
Ras,6,9,25.931765039649196,25.931765039649196,0.0006277717049763354,False,False
Ras,6,10,22.55540800681876,22.55540800681876,0.0024185558141321174,False,False
Ras,6,11,23.948463927992208,23.948463927992208,0.0013867764717789884,False,False
Ras,6,12,25.428513919774986,25.428513919774986,0.0007676524125288063,False,False
Ras,6,13,23.195070379124516,23.195070379124516,0.001873581404083789,False,False
Ras,6,14,24.59269809489527,24.59269809489527,0.0010720828906656352,False,False
Ras,6,15,22.725903623435766,22.725903623435766,0.0022594734506384906,False,False
Ras,6,16,23.30853776966435,23.30853776966435,0.0017905950075624284,False,False
Ras,7,0,17.074925417468126,17.074925417468126,0.021248943152014022,False,False
Ras,7,1,16.122052537026455,16.122052537026455,0.030804038672281254,False,False
Ras,7,2,15.474382771472081,15.474382771472081,0.03955315756986763,False,False
Ras,7,3,14.122317564388634,14.122317564388634,0.0660551724841093,False,False
Ras,7,4,16.635364675146338,16.635364675146338,0.025230538922360775,False,False
Ras,7,5,15.659820313280358,15.659820313280358,0.036829612351287414,False,False
Ras,7,6,16.733871980449475,,0.024279381724879718,True,False
Ras,7,7,17.311178886282597,17.311178886282597,0.01936996562573101,False,False
Ras,7,8,17.747735602579624,17.747735602579624,0.016317031147114608,False,False
Ras,7,9,17.268862952138527,17.268862952138527,0.019694107461063794,False,False
Ras,7,10,13.89250591930809,13.89250591930809,0.07195746624106214,False,False
Ras,7,11,15.285561840481538,15.285561840481538,0.04252429709731574,False,False
Ras,7,12,16.765611832264316,16.765611832264316,0.023980425868661955,False,False
Ras,7,13,14.532168291613845,14.532168291613845,0.056632798027430334,False,False
Ras,7,14,15.9297960073846,,0.03318470464651067,False,True
Ras,7,15,14.063001535925096,,0.06753405671309118,False,True
Ras,7,16,14.645635682153683,14.645635682153683,0.05425620838352182,False,False
Ras,8,0,18.904274781422576,18.904274781422576,0.010336231508797325,False,False
Ras,8,1,17.951401900980905,17.951401900980905,0.01505966985884279,False,False
Ras,8,2,17.30373213542653,17.30373213542653,0.019426626430513506,False,False
Ras,8,3,15.951666928343084,,0.032905169911188005,True,False
Ras,8,4,18.464714039100787,18.464714039100787,0.012298713881208654,False,False
Ras,8,5,17.489169677234806,17.489169677234806,0.01806288707886381,False,False
Ras,8,6,18.563221344403924,18.563221344403924,0.011829152875017079,False,False
Ras,8,7,19.140528250237047,,0.009412950432095793,True,False
Ras,8,8,19.577084966534073,19.577084966534073,0.00791668929174988,False,False
Ras,8,9,19.098212316092976,19.098212316092976,0.009572095529042333,False,False
Ras,8,10,15.72185528326254,,0.03595942677429362,True,False
Ras,8,11,17.114911204435987,17.114911204435987,0.02091883733561099,False,False
Ras,8,12,18.594961196218765,18.594961196218765,0.011681663270195793,False,False
Ras,8,13,16.361517655568292,16.361517655568292,0.028069327035570784,False,False
Ras,8,14,17.75914537133905,17.75914537133905,0.016243938324216847,False,False
Ras,8,15,15.892350899879546,15.892350899879546,0.033668626917632755,False,False
Ras,8,16,16.47498504610813,16.47498504610813,0.026857275118106396,False,False
Ras,9,0,16.965840142134933,16.965840142134933,0.022175631693793885,False,False
Ras,9,1,16.012967261693262,16.012967261693262,0.03213375379110272,False,False
Ras,9,2,15.365297496138888,,0.041244473121891764,False,True
Ras,9,3,14.013232289055441,14.013232289055441,0.06879855316153079,False,False
Ras,9,4,16.526279399813145,16.526279399813145,0.026326198436352498,False,False
Ras,9,5,15.550735037947165,15.550735037947165,0.03840912491106122,False,False
Ras,9,6,16.624786705116282,16.624786705116282,0.02533480989413829,False,False
Ras,9,7,17.202093610949404,17.202093610949404,0.020216402582464113,False,False
Ras,9,8,17.63865032724643,17.63865032724643,0.017032376826334204,False,False
Ras,9,9,17.159777676805334,17.159777676805334,0.020554412011396832,False,False
Ras,9,10,13.783420643974898,13.783420643974898,0.07492631307840829,False,False
Ras,9,11,15.176476565148345,15.176476565148345,0.04433679541032202,False,False
Ras,9,12,16.656526556931123,16.656526556931123,0.025023191669097736,False,False
Ras,9,13,14.423083016280652,14.423083016280652,0.0590095771545734,False,False
Ras,9,14,15.820710732051406,15.820710732051406,0.03461351560803623,False,False
Ras,9,15,13.953916260591903,13.953916260591903,0.07033423239820377,False,False
Ras,9,16,14.53655040682049,14.53655040682049,0.0565392240519873,False,False
PI3K,0,0,30.618755903111023,30.618755903111023,9.634272146569709e-05,False,False
PI3K,0,1,31.788613417916427,31.788613417916427,6.034058015173962e-05,False,False
PI3K,0,2,33.43310133895848,33.43310133895848,3.1256856653775206e-05,False,False
PI3K,0,3,33.71128851204875,33.71128851204875,2.7965376386370548e-05,False,False
PI3K,0,4,32.36782097179455,32.36782097179455,4.786259518436349e-05,False,False
PI3K,0,5,32.32143113355871,32.32143113355871,4.8758977989455814e-05,False,False
PI3K,0,6,33.06938648958605,,3.6151549470000797e-05,True,False
PI3K,1,0,31.747541876395605,31.747541876395605,6.134001882032506e-05,False,False
PI3K,1,1,32.91739939120101,32.91739939120101,3.84174730434296e-05,False,False
PI3K,1,2,34.561887312243066,34.561887312243066,1.9900318418868796e-05,False,False
PI3K,1,3,34.84007448533333,34.84007448533333,1.7804708752357426e-05,False,False
PI3K,1,4,33.49660694507913,33.49660694507913,3.0472886059596255e-05,False,False
PI3K,1,5,33.45021710684329,33.45021710684329,3.10436000985207e-05,False,False
PI3K,1,6,34.19817246287063,,2.3016665854134336e-05,True,False
PI3K,2,0,30.475104266733137,30.475104266733137,0.00010204019516146118,False,False
PI3K,2,1,31.64496178153854,31.64496178153854,6.390911105216824e-05,False,False
PI3K,2,2,33.2894497025806,33.2894497025806,3.3105438398143846e-05,False,False
PI3K,2,3,33.567636875670864,33.567636875670864,2.9619300357716253e-05,False,False
PI3K,2,4,32.22416933541666,32.22416933541666,5.069321774165753e-05,False,False
PI3K,2,5,32.17777949718082,32.17777949718082,5.1642610425092544e-05,False,False
PI3K,2,6,32.92573485320816,32.92573485320816,3.828960028735648e-05,False,False
PI3K,3,0,35.273513908426274,35.273513908426274,1.4970626139691862e-05,False,False
PI3K,3,1,36.44337142323168,36.44337142323168,9.375994184995382e-06,False,False
PI3K,3,2,38.08785934427374,38.08785934427374,4.856713446259318e-06,False,False
PI3K,3,3,38.366046517364005,38.366046517364005,4.345268733625651e-06,False,False
PI3K,3,4,37.0225789771098,37.0225789771098,7.4370296613576555e-06,False,False
PI3K,3,5,36.97618913887396,36.97618913887396,7.576317972788434e-06,False,False
PI3K,3,6,37.7241444949013,37.7241444949013,5.617277650453843e-06,False,False
PI3K,4,0,34.93090034189317,34.93090034189317,1.7169477639414292e-05,False,False
PI3K,4,1,36.10075785669858,,1.0753127710815915e-05,True,False
PI3K,4,2,37.745245777740635,37.745245777740635,5.5700647396427866e-06,False,False
PI3K,4,3,38.0234329508309,38.0234329508309,4.983499694483683e-06,False,False
PI3K,4,4,36.6799654105767,36.6799654105767,8.529373092097451e-06,False,False
PI3K,4,5,36.63357557234086,,8.689119752739283e-06,True,False
PI3K,4,6,37.3815309283682,37.3815309283682,6.442339459489919e-06,False,False
PI3K,5,0,21.57244953036537,21.57244953036537,0.0035793802299403095,False,False
PI3K,5,1,22.742307045170772,22.742307045170772,0.002244729912718951,False,False
PI3K,5,2,24.38679496621283,24.38679496621283,0.0011640119348614467,False,False
PI3K,5,3,24.664982139303095,24.664982139303095,0.0010415607607783602,False,False
PI3K,5,4,23.321514599048893,23.321514599048893,0.0017813411039140348,False,False
PI3K,5,5,23.275124760813053,23.275124760813053,0.0018146435960115562,False,False
PI3K,5,6,24.023080116840397,24.023080116840397,0.0013460525511940654,False,False
PI3K,6,0,34.395845596429965,34.395845596429965,2.1266882537209605e-05,False,False
PI3K,6,1,35.56570311123537,35.56570311123537,1.3319325078635044e-05,False,False
PI3K,6,2,37.21019103227743,37.21019103227743,6.8993502857153705e-06,False,False
PI3K,6,3,37.488378205367695,37.488378205367695,6.1728034522345416e-06,False,False
PI3K,6,4,36.14491066511349,36.14491066511349,1.0564884587624398e-05,False,False
PI3K,6,5,36.09852082687765,36.09852082687765,1.0762753940389559e-05,False,False
PI3K,6,6,36.84647618290499,36.84647618290499,7.979790077039944e-06,False,False
PI3K,7,0,25.09297286168973,25.09297286168973,0.0008778214441077153,False,False
PI3K,7,1,26.262830376495135,26.262830376495135,0.0005499505172653819,False,False
PI3K,7,2,27.90731829753719,27.90731829753719,0.00028494559085254494,False,False
PI3K,7,3,28.185505470627458,28.185505470627458,0.00025494641626735477,False,False
PI3K,7,4,26.842037930373255,26.842037930373255,0.00043626899827536793,False,False
PI3K,7,5,26.795648092137416,26.795648092137416,0.00044443632151018375,False,False
PI3K,7,6,27.54360344816476,27.54360344816476,0.0003295537842775244,False,False
PI3K,8,0,25.032170145079203,25.032170145079203,0.0008994133180208711,False,False
PI3K,8,1,26.202027659884607,26.202027659884607,0.0005634822609914434,False,False
PI3K,8,2,27.846515580926663,27.846515580926663,0.0002919586913478783,False,False
PI3K,8,3,28.12470275401693,28.12470275401693,0.0002612213679385204,False,False
PI3K,8,4,26.781235213762727,26.781235213762727,0.0004470048155987692,False,False
PI3K,8,5,26.734845375526888,26.734845375526888,0.0004553730308171235,False,False
PI3K,8,6,27.48280073155423,27.48280073155423,0.0003376644138724872,False,False
PI3K,9,0,23.830745174727625,23.830745174727625,0.0014535409452554366,False,False
PI3K,9,1,25.00060268953303,25.00060268953303,0.0009108317884890476,False,False
PI3K,9,2,26.645090610575085,26.645090610575085,0.00047201095324731943,False,False
PI3K,9,3,26.923277783665352,26.923277783665352,0.00042232578961970787,False,False
PI3K,9,4,25.57981024341115,25.57981024341115,0.0007226056182821568,False,False
PI3K,9,5,25.53342040517531,25.53342040517531,0.0007361294565852767,False,False
PI3K,9,6,26.281375761202654,,0.0005458882127441367,True,False
Akt,0,0,25.541554176089253,25.541554176089253,0.0007337400995543413,False,False
Akt,0,1,25.36455492450687,25.36455492450687,0.00078752943553768,False,False
Akt,0,2,24.00721185558823,24.00721185558823,0.0013546119187894188,False,False
Akt,0,3,26.792496561789374,26.792496561789374,0.00044499668714518653,False,False
Akt,0,4,25.511504393953782,25.511504393953782,0.0007426062204526363,False,False
Akt,0,5,25.19817178219003,25.19817178219003,0.0008416799295070205,False,False
Akt,1,0,27.670512715105627,27.670512715105627,0.0003132470498328812,False,False
Akt,1,1,27.493513463523243,27.493513463523243,0.000336221071650318,False,False
Akt,1,2,26.136170394604605,26.136170394604605,0.0005785145619091393,False,False
Akt,1,3,28.921455100805748,28.921455100805748,0.0001899457592629771,False,False
Akt,1,4,27.640462932970156,27.640462932970156,0.00031703377081406247,False,False
Akt,1,5,27.327130321206404,27.327130321206404,0.00035935077986416807,False,False
Akt,2,0,25.81847687243064,25.81847687243064,0.0006568546351557722,False,False
Akt,2,1,25.641477620848256,25.641477620848256,0.0007050115949344073,False,False
Akt,2,2,24.28413455192962,24.28413455192962,0.001212746928309629,False,False
Akt,2,3,27.06941925813076,27.06941925813076,0.0003983553395914613,False,False
Akt,2,4,25.78842709029517,25.78842709029517,0.0006647923315104471,False,False
Akt,2,5,25.475094478531418,25.475094478531418,0.0007534924439572829,False,False
Akt,3,0,28.747457057146956,28.747457057146956,0.00020363396244304005,False,False
Akt,3,1,28.570457805564573,,0.00021857054903482294,True,False
Akt,3,2,27.213114736645934,27.213114736645934,0.00037611256740872917,False,False
Akt,3,3,29.998399442847077,29.998399442847077,0.0001234735915513917,False,False
Akt,3,4,28.717407275011485,28.717407275011485,0.0002060958868900908,False,False
Akt,3,5,28.404074663247734,28.404074663247734,0.0002336085979983332,False,False
Akt,4,0,29.642946838030888,29.642946838030888,0.00014233586008564745,False,False
Akt,4,1,29.465947586448504,,0.00015277690725883257,True,False
Akt,4,2,28.108604517529866,28.108604517529866,0.00026290843297270734,False,False
Akt,4,3,30.89388922373101,30.89388922373101,8.630336259791365e-05,False,False
Akt,4,4,29.612897055895417,29.612897055895417,0.00014405680031417774,False,False
Akt,4,5,29.299564444131665,29.299564444131665,0.00016328897403423363,False,False
Akt,5,0,20.080622828254103,20.080622828254103,0.006481832199188288,False,False
Akt,5,1,19.90362357667172,19.90362357667172,0.006954072668362101,False,False
Akt,5,2,18.54628050775308,18.54628050775308,0.01190862556113452,False,False
Akt,5,3,21.331565213954224,21.331565213954224,0.003940002699422609,False,False
Akt,5,4,20.050573046118632,20.050573046118632,0.006559699224171711,False,False
Akt,5,5,19.73724043435488,19.73724043435488,0.007429081942759972,False,False
Akt,6,0,29.336355229655307,29.336355229655307,0.000160903941328535,False,False
Akt,6,1,29.159355978072924,29.159355978072924,0.00017270681485090985,False,False
Akt,6,2,27.802012909154286,27.802012909154286,0.0002972008429920673,False,False
Akt,6,3,30.58729761535543,30.58729761535543,9.756257280254137e-05,False,False
Akt,6,4,29.306305447519836,29.306305447519836,0.0001628493460977553,False,False
Akt,6,5,28.992972835756085,,0.00018458993858025933,True,False
Akt,7,0,22.59515535395674,22.59515535395674,0.0023804982185248558,False,False
Akt,7,1,22.418156102374358,22.418156102374358,0.0025547001765525205,False,False
Akt,7,2,21.06081303345572,21.06081303345572,0.0043886941070130645,False,False
Akt,7,3,23.846097739656862,,0.001444654920466138,True,False
Akt,7,4,22.56510557182127,22.56510557182127,0.0024092149041621894,False,False
Akt,7,5,22.25177296005752,22.25177296005752,0.0027300292743883394,False,False
Akt,8,0,21.6127593250781,21.6127593250781,0.0035223310476879544,False,False
Akt,8,1,21.435760073495715,21.435760073495715,0.0037797743566009103,False,False
Akt,8,2,20.078417004577076,20.078417004577076,0.006487516715369836,False,False
Akt,8,3,22.86370171077822,22.86370171077822,0.002138562217950296,False,False
Akt,8,4,21.582709542942627,21.582709542942627,0.0035647727962420947,False,False
Akt,8,5,21.269376931178876,21.269376931178876,0.004038839864593277,False,False
Akt,9,0,20.98327152500824,20.98327152500824,0.004526323725679961,False,False
Akt,9,1,20.806272273425858,20.806272273425858,0.004856790102543687,False,False
Akt,9,2,19.44892920450722,19.44892920450722,0.008329630367832073,False,False
Akt,9,3,22.234213910708363,22.234213910708363,0.002749218556708288,False,False
Akt,9,4,20.95322174287277,20.95322174287277,0.004580807306909635,False,False
Akt,9,5,20.63988913110902,20.63988913110902,0.00518928968578057,False,False
Raf,0,0,5.6840595951051505,,0.6740095430712483,False,True
Raf,0,1,6.02916386205111,6.02916386205111,0.6429829011886272,False,False
Raf,0,2,5.275654609087232,,0.7088361342762881,False,True
Raf,0,3,5.181051636708087,,0.7165839291862284,False,True
Raf,1,0,7.760445785561739,7.760445785561739,0.4739789513207699,False,False
Raf,1,1,8.105550052507699,,0.43973933419534084,False,True
Raf,1,2,7.35204079954382,7.35204079954382,0.5147916027422111,False,False
Raf,1,3,7.257437827164676,,0.5242372065305341,False,True
Raf,2,0,6.928390456491393,,0.5569132276608397,False,True
Raf,2,1,7.273494723437354,,0.522635046002308,False,True
Raf,2,2,6.5199854704734745,,0.5967654642596767,False,True
Raf,2,3,6.425382498094331,,0.6058371330347834,False,True
Raf,3,0,4.17867452588956,,0.7905974069889551,False,True
Raf,3,1,4.52377879283552,,0.7668284176168297,False,True
Raf,3,2,3.7702695398716415,,0.8163621092068309,False,True
Raf,3,3,3.6756665674924975,,0.8219673001529273,False,True
Raf,4,0,9.317277746037535,,0.3258729312697909,False,True
Raf,4,1,9.662382012983494,9.662382012983494,0.29630560242832144,False,False
Raf,4,2,8.908872760019616,8.908872760019616,0.36272666389370717,False,False
Raf,4,3,8.814269787640471,,0.37151850381623136,False,True
Raf,5,0,2.895053466407153,,0.8631825465406527,False,True
Raf,5,1,3.2401577333531133,,0.8460482183770884,True,True
Raf,5,2,2.4866484803892344,,0.8813566681818286,False,True
Raf,5,3,2.3920455080100904,,0.8852568621970273,False,True
Raf,6,0,7.4342463215528625,,0.5065749888188421,False,True
Raf,6,1,7.779350588498822,7.779350588498822,0.472093971054131,False,False
Raf,6,2,7.025841335534944,,0.5472742380216025,False,True
Raf,6,3,6.931238363155799,,0.5566321086783214,True,False
Raf,7,0,5.293385204315574,,0.7073702201632839,True,True
Raf,7,1,5.6384894712615345,,0.678001848937117,False,True
Raf,7,2,4.884980218297655,,0.7400075723111358,False,True
Raf,7,3,4.790377245918512,,0.747221698746685,False,True
Raf,8,0,5.779742487121574,5.779742487121574,0.6655447980264335,False,False
Raf,8,1,6.1248467540675335,6.1248467540675335,0.6341498125849123,False,False
Raf,8,2,5.371337501103655,,0.7008743692370323,False,True
Raf,8,3,5.276734528724511,,0.7087469734821615,False,True
Raf,9,0,5.440033655898784,5.440033655898784,0.6950819155248138,False,False
Raf,9,1,5.7851379228447435,,0.6650642278845594,True,True
Raf,9,2,5.031628669880865,,0.7285638897825945,False,True
Raf,9,3,4.937025697501721,,0.7359822607151068,False,True
Mek,0,0,7.834594410366547,,0.4665904149782529,False,True
Mek,0,1,7.364736412201298,7.364736412201298,0.5135230599924598,False,False
Mek,0,2,9.437247004451997,,0.3154203510356003,False,True
Mek,0,3,8.278479036838712,8.278479036838712,0.42277509789121936,False,False
Mek,0,4,5.897482535502396,,0.6549810556357702,False,True
Mek,0,5,5.781973602923459,,0.6653461146689365,True,True
Mek,0,6,7.507651089503451,,0.49923489164683893,False,True
Mek,0,7,9.080318520874293,,0.34702831104272247,False,True
Mek,0,8,9.461917818439765,,0.3132933715418557,False,True
Mek,0,9,8.026931936451115,8.026931936451115,0.44750101891558597,False,False
Mek,0,10,7.726295372109185,,0.47738590146541116,False,True
Mek,0,11,8.974754593310452,8.974754593310452,0.35665737769857103,False,False
Mek,0,12,8.531638453306746,8.531638453306746,0.3982755817617051,False,False
Mek,0,13,7.470685574542594,7.470685574542594,0.5029314089582989,False,False
Mek,0,14,8.264626568175936,8.264626568175936,0.4241278754462349,False,False
Mek,1,0,8.791776401788862,,0.3736217357549448,True,False
Mek,1,1,8.321918403623613,,0.41854057329636996,False,True
Mek,1,2,10.394428995874312,10.394428995874312,0.23907243312369994,False,False
Mek,1,3,9.235661028261028,9.235661028261028,0.33308510608156916,False,False
Mek,1,4,6.854664526924713,6.854664526924713,0.5641775790012178,False,False
Mek,1,5,6.7391555943457755,,0.575502574880953,False,True
Mek,1,6,8.464833080925768,8.464833080925768,0.40469667435119233,False,False
Mek,1,7,10.03750051229661,10.03750051229661,0.26600244346905827,False,False
Mek,1,8,10.41909980986208,10.41909980986208,0.23728184401392277,False,False
Mek,1,9,8.98411392787343,8.98411392787343,0.3557988288746318,False,False
Mek,1,10,8.6834773635315,8.6834773635315,0.38381396697395503,False,False
Mek,1,11,9.931936584732767,9.931936584732767,0.2743278044035396,False,False
Mek,1,12,9.488820444729061,,0.31098289671026813,False,True
Mek,1,13,8.427867565964911,8.427867565964911,0.40826388865690405,False,False
Mek,1,14,9.221808559598252,,0.33431711411248655,False,True
Mek,2,0,9.178152678771992,,0.33821452332522295,True,False
Mek,2,1,8.708294680606743,8.708294680606743,0.3814689646931838,False,False
Mek,2,2,10.780805272857442,,0.21209853066383438,False,True
Mek,2,3,9.62203730524416,9.62203730524416,0.29968151373454943,False,False
Mek,2,4,7.241040803907843,7.241040803907843,0.5258727900675315,False,False
Mek,2,5,7.1255318713289055,7.1255318713289055,0.5373769558491638,False,False
Mek,2,6,8.851209357908898,,0.3680750584522097,False,True
Mek,2,7,10.42387678927974,10.42387678927974,0.2369362041211755,False,False
Mek,2,8,10.80547608684521,10.80547608684521,0.21045409306113752,False,False
Mek,2,9,9.370490204856562,9.370490204856562,0.3212144925207124,False,False
Mek,2,10,9.06985364051463,,0.34797745276530895,False,True
Mek,2,11,10.3183128617159,10.3183128617159,0.2446550737251237,False,False
Mek,2,12,9.875196721712191,9.875196721712191,0.27886899732230275,False,False
Mek,2,13,8.814243842948041,,0.3715209269759545,False,True
Mek,2,14,9.608184836581382,9.608184836581382,0.3008457038772646,False,False
Mek,3,0,4.741639225923665,,0.7508862038929474,False,True
Mek,3,1,4.2717812277584155,,0.784365033689222,False,True
Mek,3,2,6.344291820009115,,0.613555691753593,False,True
Mek,3,3,5.18552385239583,,0.7162204810463983,False,True
Mek,3,4,2.8045273510595146,2.8045273510595146,0.867402979599828,False,False
Mek,3,5,2.689018418480577,,0.8726274690636482,True,False
Mek,3,6,4.414695905060569,,0.7745391430733052,False,True
Mek,3,7,5.987363336431412,,0.6468118807712937,True,False
Mek,3,8,6.368962633996882,,0.6112132554432993,False,True
Mek,3,9,4.933976752008233,,0.7362191716361994,False,True
Mek,3,10,4.6333401876663025,,0.7589010417812159,False,True
Mek,3,11,5.88179940886757,,0.6563973087159058,False,True
Mek,3,12,5.438683268863864,,0.6951963855165306,False,True
Mek,3,13,4.377730390099712,,0.7771107464805649,False,True
Mek,3,14,5.171671383733054,,0.7173453290350144,True,True
Mek,4,0,10.232759102565845,10.232759102565845,0.25103429320655574,False,False
Mek,4,1,9.762901104400596,9.762901104400596,0.2879911805225694,False,False
Mek,4,2,11.835411696651295,11.835411696651295,0.15005564653088227,False,False
Mek,4,3,10.676643729038013,,0.21914472114140895,False,True
Mek,4,4,8.295647227701696,8.295647227701696,0.421100127941888,False,False
Mek,4,5,8.18013829512276,,0.43240258719778035,True,False
Mek,4,6,9.905815781702751,9.905815781702751,0.27641267016135207,False,False
Mek,4,7,11.478483213073593,11.478483213073593,0.16918796175360584,False,False
Mek,4,8,11.860082510639064,11.860082510639064,0.1488013922277498,False,False
Mek,4,9,10.425096628650415,,0.23684799791108932,False,True
Mek,4,10,10.124460064308483,10.124460064308483,0.25926657596359554,False,False
Mek,4,11,11.372919285509752,11.372919285509752,0.17520650859811412,False,False
Mek,4,12,10.929803145506044,10.929803145506044,0.20230961560858074,False,False
Mek,4,13,9.868850266741894,9.868850266741894,0.27937979536776214,False,False
Mek,4,14,10.662791260375235,10.662791260375235,0.22009437207895635,False,False
Mek,5,0,4.328939160725197,,0.7804729008564454,False,True
Mek,5,1,3.859081162559948,,0.8109764699248858,False,True
Mek,5,2,5.931591754810647,,0.65189135790382,False,True
Mek,5,3,4.772823787197363,,0.7485456041874192,False,True
Mek,5,4,2.3918272858610474,,0.8852657284524595,False,True
Mek,5,5,2.27631835328211,,0.8898757584511489,False,True
Mek,5,6,4.0019958398621025,,0.8020571741386111,False,True
Mek,5,7,5.574663271232945,,0.6835500294938149,False,True
Mek,5,8,5.956262568798415,5.956262568798415,0.6496486050012412,False,False
Mek,5,9,4.521276686809766,4.521276686809766,0.7670073230453297,False,False
Mek,5,10,4.2206401224678345,4.2206401224678345,0.7878048356623714,False,False
Mek,5,11,5.469099343669103,5.469099343669103,0.692612233754934,False,False
Mek,5,12,5.025983203665396,,0.7290102348976735,True,False
Mek,5,13,3.9650303249012455,,0.8043941735697883,False,True
Mek,5,14,4.758971318534586,,0.7495871199830421,False,True
Mek,6,0,7.547346743842912,7.547346743842912,0.4952654671277874,False,False
Mek,6,1,7.0774887456776625,7.0774887456776625,0.5421508452909528,False,False
Mek,6,2,9.149999337928362,,0.3407396710387009,False,True
Mek,6,3,7.991231370315077,7.991231370315077,0.45103430603519107,False,False
Mek,6,4,5.610234868978761,,0.6804642342882038,False,True
Mek,6,5,5.494725936399824,5.494725936399824,0.6904255695130243,False,False
Mek,6,6,7.220403422979816,7.220403422979816,0.5279305511055765,False,False
Mek,6,7,8.79307085435066,8.79307085435066,0.37350056815209043,False,False
Mek,6,8,9.174670151916128,,0.33852638482822456,False,True
Mek,6,9,7.73968426992748,,0.4760499154988912,False,True
Mek,6,10,7.4390477055855495,,0.506094927527553,False,True
Mek,6,11,8.687506926786817,,0.38343284044798953,False,True
Mek,6,12,8.24439078678311,8.24439078678311,0.42610606210208324,False,False
Mek,6,13,7.183437908018959,,0.5316139793335851,False,True
Mek,6,14,7.977378901652301,7.977378901652301,0.4524066364399763,False,False
Mek,7,0,6.2336483903324105,,0.623995171164738,False,True
Mek,7,1,5.763790392167161,,0.6669636365917294,False,True
Mek,7,2,7.836300984417861,,0.46642052340576506,False,True
Mek,7,3,6.677533016804577,6.677533016804577,0.5815128276358413,False,False
Mek,7,4,4.2965365154682615,,0.7826855088194328,False,True
Mek,7,5,4.181027582889324,,0.7904415419721441,False,True
Mek,7,6,5.906705069469316,,0.6541469331825995,False,True
Mek,7,7,7.479372500840158,7.479372500840158,0.5020627382135686,False,False
Mek,7,8,7.860971798405629,,0.46396540283112236,False,True
Mek,7,9,6.4259859164169795,6.4259859164169795,0.6057794934061878,False,False
Mek,7,10,6.125349352075048,,0.6341031694625018,False,True
Mek,7,11,7.373808573276317,,0.5126164640120172,False,True
Mek,7,12,6.930692433272609,,0.5566860006383548,False,True
Mek,7,13,5.86973955450846,,0.6574844776422326,False,True
Mek,7,14,6.6636805481418,,0.5828606460853097,False,True
Mek,8,0,6.865713485073954,,0.5630905798512217,False,True
Mek,8,1,6.3958554869087045,,0.6086539815756428,False,True
Mek,8,2,8.468366079159404,8.468366079159404,0.40435625613186155,False,False
Mek,8,3,7.30959811154612,7.30959811154612,0.5190309906918403,False,False
Mek,8,4,4.928601610209805,4.928601610209805,0.7366365016162312,False,False
Mek,8,5,4.813092677630867,,0.7455016375034278,False,True
Mek,8,6,6.5387701642108595,6.5387701642108595,0.5949560444047974,False,False
Mek,8,7,8.111437595581702,8.111437595581702,0.4391592143704458,False,False
Mek,8,8,8.493036893147172,8.493036893147172,0.4019817079414677,False,False
Mek,8,9,7.058051011158523,,0.544080162773964,False,True
Mek,8,10,6.7574144468165915,6.7574144468165915,0.5737173479800379,False,False
Mek,8,11,8.005873668017859,,0.4495845389639003,True,True
Mek,8,12,7.562757528014153,,0.4937245767391298,False,True
Mek,8,13,6.501804649250003,,0.5985142132140185,False,True
Mek,8,14,7.295745642883343,,0.5204140813447257,True,False
Mek,9,0,6.978649736013979,,0.5519469029116143,False,True
Mek,9,1,6.50879173784873,6.50879173784873,0.5978424438507328,False,False
Mek,9,2,8.58130233009943,8.58130233009943,0.3935245172177496,False,False
Mek,9,3,7.422534362486146,7.422534362486146,0.507745943990251,False,False
Mek,9,4,5.0415378611498305,,0.7277793291224063,False,True
Mek,9,5,4.926028928570893,,0.7368360963474053,True,False
Mek,9,6,6.651706415150885,,0.5840247099565877,False,True
Mek,9,7,8.224373846521727,8.224373846521727,0.4280651852693084,False,False
Mek,9,8,8.605973144087198,,0.3911718044768167,False,True
Mek,9,9,7.170987262098548,7.170987262098548,0.5328538686597365,False,False
Mek,9,10,6.870350697756617,,0.5626341885282529,False,True
Mek,9,11,8.118809918957886,8.118809918957886,0.43843302860823985,False,False
Mek,9,12,7.675693778954178,,0.4824378496935794,False,True
Mek,9,13,6.614740900190029,6.614740900190029,0.5876123459257279,False,False
Mek,9,14,7.408681893823369,,0.5091307954179559,False,True
Erk,0,0,9.761198230647183,9.761198230647183,0.2881308719349323,False,False
Erk,0,1,8.780399218062438,8.780399218062438,0.374687381054854,False,False
Erk,0,2,8.726468978569224,8.726468978569224,0.37975515590468356,False,False
Erk,0,3,10.52808283393844,10.52808283393844,0.22948293490414937,False,False
Erk,0,4,7.451292166086533,7.451292166086533,0.5048706293211273,False,False
Erk,0,5,7.819287778044073,,0.4681145511118859,False,True
Erk,0,6,10.428752082540079,10.428752082540079,0.23658380879859026,False,False
Erk,0,7,10.520110388454682,,0.23004729806118693,False,True
Erk,0,8,9.485548879705352,9.485548879705352,0.3112633686577144,False,False
Erk,0,9,8.201142373963616,,0.43034175234404426,False,True
Erk,0,10,8.98125526033086,,0.3560609615954889,False,True
Erk,0,11,6.90263191315779,,0.5594541955310169,False,True
Erk,0,12,8.149851368426512,,0.43537832302629637,False,True
Erk,0,13,8.60421663750646,8.60421663750646,0.3913391465957106,False,False
Erk,1,0,12.975792948091508,12.975792948091508,0.10062338573976766,False,False
Erk,1,1,11.994993935506763,11.994993935506763,0.14209499372788345,False,False
Erk,1,2,11.941063696013549,,0.14474507652157562,False,True
Erk,1,3,13.742677551382764,13.742677551382764,0.07606376762120347,False,False
Erk,1,4,10.665886883530858,10.665886883530858,0.21988189674673222,False,False
Erk,1,5,11.033882495488397,11.033882495488397,0.19567426004466676,False,False
Erk,1,6,13.643346799984403,13.643346799984403,0.07890353643854457,False,False
Erk,1,7,13.734705105899007,13.734705105899007,0.07628818606306625,False,False
Erk,1,8,12.700143597149676,12.700143597149676,0.11105029632800636,False,False
Erk,1,9,11.41573709140794,11.41573709140794,0.17274523374468403,False,False
Erk,1,10,12.195849977775184,12.195849977775184,0.1325796619647734,False,False
Erk,1,11,10.117226630602115,10.117226630602115,0.25982262779163195,False,False
Erk,1,12,11.364446085870837,11.364446085870837,0.17569682996200559,False,False
Erk,1,13,11.818811354950784,11.818811354950784,0.15090449191217373,False,False
Erk,2,0,13.004280433247537,13.004280433247537,0.09959684072630562,False,False
Erk,2,1,12.023481420662794,12.023481420662794,0.14071155537903512,False,False
Erk,2,2,11.969551181169578,11.969551181169578,0.1433401478505005,False,False
Erk,2,3,13.771165036538793,13.771165036538793,0.07526680795789592,False,False
Erk,2,4,10.694374368686887,10.694374368686887,0.21793350978940704,False,False
Erk,2,5,11.062369980644426,11.062369980644426,0.1938870662378552,False,False
Erk,2,6,13.671834285140433,13.671834285140433,0.07807933744724921,False,False
Erk,2,7,13.763192591055034,13.763192591055034,0.07548906716503882,False,False
Erk,2,8,12.728631082305705,12.728631082305705,0.10993037952384482,False,False
Erk,2,9,11.44422457656397,,0.17112290720725565,False,True
Erk,2,10,12.224337462931214,12.224337462931214,0.13127468921226848,False,False
Erk,2,11,10.145714115758143,10.145714115758143,0.25763720619926234,False,False
Erk,2,12,11.392933571026866,,0.17405261585842743,False,True
Erk,2,13,11.847298840106813,11.847298840106813,0.14945022553757695,False,False
Erk,3,0,5.678558163821858,,0.6744928690873477,False,True
Erk,3,1,4.697759151237114,,0.7541549403697786,False,True
Erk,3,2,4.643828911743899,,0.7581325583799737,False,True
Erk,3,3,6.445442767113114,,0.6039193697962295,False,True
Erk,3,4,3.3686520992612086,,0.8392339299574358,False,True
Erk,3,5,3.736647711218748,,0.8183697040861913,False,True
Erk,3,6,6.346112015714754,,0.613383046409878,False,True
Erk,3,7,6.437470321629356,,0.6046819224647465,False,True
Erk,3,8,5.4029088128800264,,0.6982201075848536,False,True
Erk,3,9,4.118502307138291,,0.7945542206788632,False,True
Erk,3,10,4.898615193505535,4.898615193505535,0.7389568716816416,False,False
Erk,3,11,2.8199918463324645,,0.8666899013921396,False,True
Erk,3,12,4.067211301601187,,0.7978830398078199,False,True
Erk,3,13,4.521576570681134,,0.7669858858092247,False,True
Erk,4,0,15.2923978958653,15.2923978958653,0.042413101583451455,False,False
Erk,4,1,14.311598883280556,,0.06153499363849389,False,True
Erk,4,2,14.25766864378734,14.25766864378734,0.06279259486897283,False,False
Erk,4,3,16.059282499156556,16.059282499156556,0.03156253794148776,False,False
Erk,4,4,12.98249183130465,12.98249183130465,0.10038115004284104,False,False
Erk,4,5,13.350487443262189,13.350487443262189,0.08784828985358083,False,False
Erk,4,6,15.959951747758195,15.959951747758195,0.032799875794024574,False,False
Erk,4,7,16.051310053672797,16.051310053672797,0.03166015909375015,False,False
Erk,4,8,15.016748544923468,15.016748544923468,0.047124131854768506,False,False
Erk,4,9,13.732342039181733,13.732342039181733,0.07635482126229075,False,False
Erk,4,10,14.512454925548976,14.512454925548976,0.05705555259726356,False,False
Erk,4,11,12.433831578375905,12.433831578375905,0.12200995330602735,False,False
Erk,4,12,13.681051033644628,13.681051033644628,0.07781437038688208,False,False
Erk,4,13,14.135416302724575,14.135416302724575,0.06573267212306114,False,False
Erk,5,0,8.615450947891505,,0.3902692979706941,True,False
Erk,5,1,7.634651935306761,,0.4865380607167237,False,True
Erk,5,2,7.580721695813546,7.580721695813546,0.4919285316547886,False,False
Erk,5,3,9.382335551182761,,0.3201822852936914,True,False
Erk,5,4,6.305544883330855,,0.6172240007878818,False,True
Erk,5,5,6.673540495288394,,0.5819014180495854,False,True
Erk,5,6,9.2830047997844,,0.3288917193541656,False,True
Erk,5,7,9.374363105699004,,0.3208768137902128,True,False
Erk,5,8,8.339801596949673,,0.41680074174599846,False,True
Erk,5,9,7.055395091207938,,0.5443436781584585,False,True
Erk,5,10,7.8355079775751815,7.8355079775751815,0.46649946725838337,False,False
Erk,5,11,5.756884630402111,,0.6675769251564968,False,True
Erk,5,12,7.004104085670834,7.004104085670834,0.5494276324716134,False,False
Erk,5,13,7.458469354750781,7.458469354750781,0.5041529690184532,False,False
Erk,6,0,11.76043044276183,11.76043044276183,0.15392113999379833,False,False
Erk,6,1,10.779631430177087,10.779631430177087,0.21217700689935637,False,False
Erk,6,2,10.725701190683871,10.725701190683871,0.2158053410867932,False,False
Erk,6,3,12.527315046053086,12.527315046053086,0.1180605245926615,False,False
Erk,6,4,9.45052437820118,9.45052437820118,0.3142746816192154,False,False
Erk,6,5,9.81851999015872,,0.2834508716652123,False,True
Erk,6,6,12.427984294654726,12.427984294654726,0.12226072755433243,False,False
Erk,6,7,12.519342600569328,12.519342600569328,0.11839297277535113,False,False
Erk,6,8,11.484781091819999,,0.16883415630197873,False,True
Erk,6,9,10.200374586078263,10.200374586078263,0.25347766293449875,False,False
Erk,6,10,10.980487472445507,10.980487472445507,0.19905757055471282,False,False
Erk,6,11,8.901864125272436,,0.3633749482314156,False,True
Erk,6,12,10.14908358054116,10.14908358054116,0.25737951250873636,False,False
Erk,6,13,10.603448849621106,,0.22419594814151778,False,True
Erk,7,0,8.825288011577229,8.825288011577229,0.37049001878231097,False,False
Erk,7,1,7.844488998992484,,0.4656055053729739,False,True
Erk,7,2,7.79055875949927,,0.47097678692584816,False,True
Erk,7,3,9.592172614868485,9.592172614868485,0.3021946085750152,False,False
Erk,7,4,6.515381947016579,6.515381947016579,0.5972084954005826,False,False
Erk,7,5,6.883377558974118,6.883377558974118,0.5613515286532961,False,False
Erk,7,6,9.492841863470124,9.492841863470124,0.31063832971440963,False,False
Erk,7,7,9.584200169384726,9.584200169384726,0.3028675019490309,False,False
Erk,7,8,8.549638660635397,8.549638660635397,0.39655133678704907,False,False
Erk,7,9,7.265232154893662,,0.5234595471104001,False,True
Erk,7,10,8.045345041260905,8.045345041260905,0.44568072017418253,False,False
Erk,7,11,5.966721694087835,,0.6486957889355233,False,True
Erk,7,12,7.2139411493565575,,0.5285747150735027,False,True
Erk,7,13,7.668306418436504,7.668306418436504,0.48317571210909493,False,False
Erk,8,0,8.692938339568888,,0.38291935001640953,False,True
Erk,8,1,7.712139326984143,,0.47879878737735937,False,True
Erk,8,2,7.6582090874909285,7.6582090874909285,0.4841843691261728,False,False
Erk,8,3,9.459822942860145,,0.31347367688511774,False,True
Erk,8,4,6.383032275008238,6.383032275008238,0.609875064823733,False,False
Erk,8,5,6.751027886965778,6.751027886965778,0.5743420035317199,False,False
Erk,8,6,9.360492191461782,9.360492191461782,0.3220870849701683,False,False
Erk,8,7,9.451850497376386,,0.3141603781709169,False,True
Erk,8,8,8.417288988627057,8.417288988627057,0.4092865321626818,False,False
Erk,8,9,7.1328824828853215,7.1328824828853215,0.5366459225115374,False,False
Erk,8,10,7.912995369252565,7.912995369252565,0.4587941309626249,False,False
Erk,8,11,5.834372022079494,,0.6606632306431272,False,True
Erk,8,12,7.081591477348216,,0.5417434597541688,False,True
Erk,8,13,7.535956746428163,7.535956746428163,0.49640438733994424,False,False
Erk,9,0,10.953666189138596,10.953666189138596,0.20077358059928987,False,False
Erk,9,1,9.972867176553851,9.972867176553851,0.27108061960668506,False,False
Erk,9,2,9.918936937060638,9.918936937060638,0.2753641648569298,False,False
Erk,9,3,11.720550792429853,11.720550792429853,0.15601002915897064,False,False
Erk,9,4,8.643760124577947,,0.3875780993783871,True,False
Erk,9,5,9.011755736535486,,0.353268621190947,False,True
Erk,9,6,11.621220041031492,11.621220041031492,0.16131340319917875,False,False
Erk,9,7,11.712578346946096,11.712578346946096,0.15643038555251915,False,False
Erk,9,8,10.678016838196765,10.678016838196765,0.2190507488924934,False,False
Erk,9,9,9.39361033245503,9.39361033245503,0.31920142962827014,False,False
Erk,9,10,10.173723218822273,10.173723218822273,0.2555002196946278,False,False
Erk,9,11,8.095099871649204,8.095099871649204,0.4407694309597302,False,False
Erk,9,12,9.342319326917925,9.342319326917925,0.3236763294452087,False,False
Erk,9,13,9.796684595997872,9.796684595997872,0.2852281859084232,False,False
